,Country,Happiness score,Whisker-high,Whisker-low,Explained by: GDP per capita,Explained by: Social support,Explained by: Healthy life expectancy,Explained by: Freedom to make life choices,Explained by: Generosity,Explained by: Perceptions of corruption,Dystopia (1.85) + residual,Explained constant
0,Norway,7.5370001792907715,7.594444820582867,7.479555537998676,1.6164631843566895,1.5335235595703125,0.7966665029525757,0.6354225873947144,0.36201223731040955,0.31596383452415466,2.277026653289795,1
1,Denmark,7.521999835968018,7.5817280648648735,7.462271607071162,1.4823830127716064,1.5511215925216675,0.7925655245780945,0.6260067224502563,0.35528048872947693,0.40077006816864014,2.3137073516845703,1
2,Iceland,7.504000186920166,7.622030473053456,7.385969900786876,1.480633020401001,1.6105740070343018,0.8335521221160889,0.6271626353263855,0.4755402207374573,0.15352655947208405,2.3227152824401855,1
3,Switzerland,7.49399995803833,7.561772420406341,7.426227495670319,1.5649795532226562,1.5169117450714111,0.8581312894821167,0.6200705766677856,0.29054927825927734,0.3670072853565216,2.2767162322998047,1
4,Finland,7.468999862670898,7.527542075812817,7.41045764952898,1.443571925163269,1.5402467250823975,0.80915766954422,0.6179508566856384,0.24548277258872986,0.38261154294013977,2.4301815032958984,1
5,Netherlands,7.376999855041504,7.427425841242075,7.326573868840933,1.5039446353912354,1.4289392232894897,0.8106961250305176,0.5853844881057739,0.47048982977867126,0.2826618254184723,2.294804096221924,1
6,Canada,7.315999984741211,7.3844028353691105,7.247597134113311,1.4792044162750244,1.481348991394043,0.8345576524734497,0.6111009120941162,0.43553972244262695,0.28737151622772217,2.1872644424438477,1
7,New Zealand,7.314000129699707,7.379510441869497,7.248489817529917,1.4057060480117798,1.5481951236724854,0.8167597055435181,0.6140621304512024,0.5000051259994507,0.38281670212745667,2.0464563369750977,1
8,Sweden,7.283999919891357,7.344094877392053,7.2239049623906615,1.4943872690200806,1.478162169456482,0.8308751583099365,0.6129240989685059,0.3853992521762848,0.3843987286090851,2.0975379943847656,1
9,Australia,7.283999919891357,7.356651224941015,7.211348614841699,1.4844149351119995,1.5100419521331787,0.8438867926597595,0.6016073822975159,0.47769924998283386,0.3011837303638458,2.0652108192443848,1
10,Israel,7.2129998207092285,7.279853256493807,7.14614638492465,1.375382423400879,1.376289963722229,0.8384039998054504,0.4059886038303375,0.33008265495300293,0.08524210005998611,2.801757335662842,1
11,Costa Rica,7.078999996185303,7.168111666291952,6.9898883260786535,1.1097062826156616,1.4164036512374878,0.759509265422821,0.5801316499710083,0.21461322903633118,0.10010658949613571,2.89863920211792,1
12,Austria,7.00600004196167,7.070669812113047,6.941330271810293,1.4870972633361816,1.4599449634552002,0.8153284192085266,0.5677661895751953,0.3164723217487335,0.2210603654384613,2.1385064125061035,1
13,United States,6.993000030517578,7.074656747579574,6.911343313455582,1.5462592840194702,1.419920563697815,0.7742866277694702,0.5057405233383179,0.39257878065109253,0.1356387883424759,2.218113422393799,1
14,Ireland,6.9770002365112305,7.0433516675233845,6.9106488054990765,1.535706639289856,1.5582311153411865,0.8097826242446899,0.5731103420257568,0.4278583228588104,0.29838815331459045,1.7738690376281738,1
15,Germany,6.951000213623047,7.005381569266319,6.8966188579797745,1.4879233837127686,1.472520351409912,0.798950731754303,0.5625113844871521,0.33626917004585266,0.276731938123703,2.0157699584960938,1
16,Belgium,6.890999794006348,6.9558207504451275,6.826178837567568,1.4637807607650757,1.4623126983642578,0.818091869354248,0.5397707223892212,0.23150333762168884,0.25134313106536865,2.1242103576660156,1
17,Luxembourg,6.86299991607666,6.923686099871993,6.802313732281327,1.741943597793579,1.4575836658477783,0.8450894951820374,0.5966278910636902,0.28318098187446594,0.31883442401885986,1.6195120811462402,1
18,United Kingdom,6.714000225067139,6.783791761100292,6.644208689033985,1.441633939743042,1.4964600801467896,0.8053359389305115,0.5081900358200073,0.4927741587162018,0.2654280662536621,1.7041435241699219,1
19,Chile,6.6519999504089355,6.739250560104847,6.564749340713024,1.2527846097946167,1.284024953842163,0.8194797039031982,0.3768952786922455,0.32666242122650146,0.0822879821062088,2.5095858573913574,1
20,United Arab Emirates,6.6479997634887695,6.722047303766012,6.573952223211527,1.6263433694839478,1.266410231590271,0.7267982363700867,0.6083452701568604,0.36094194650650024,0.324489563703537,1.734703540802002,1
21,Brazil,6.635000228881836,6.725469501614571,6.544530956149101,1.1073532104492188,1.431306004524231,0.6165523529052734,0.4374537467956543,0.1623498946428299,0.11109276115894318,2.7692670822143555,1
22,Czech Republic,6.609000205993652,6.683862462639809,6.534137949347496,1.35268235206604,1.4338852167129517,0.7544440031051636,0.4909461736679077,0.08810675889253616,0.036872927099466324,2.45186185836792,1
23,Argentina,6.598999977111816,6.690085086077452,6.507914868146181,1.1852954626083374,1.4404511451721191,0.695137083530426,0.4945192039012909,0.10945706069469452,0.059739887714385986,2.6140053272247314,1
24,Mexico,6.578000068664551,6.67114890769124,6.4848512296378615,1.1531838178634644,1.210862159729004,0.7099789977073669,0.41273000836372375,0.12099043279886246,0.13277411460876465,2.8371548652648926,1
25,Singapore,6.572000026702881,6.636723069101572,6.507276984304189,1.6922776699066162,1.3538143634796143,0.9494923949241638,0.5498405694961548,0.3459659814834595,0.4643077850341797,1.2163619995117188,1
26,Malta,6.5269999504089355,6.598396772891283,6.455603127926588,1.3432798385620117,1.4884116649627686,0.8219442367553711,0.5887670516967773,0.5747305750846863,0.15306606888771057,1.5568628311157227,1
27,Uruguay,6.453999996185303,6.545906217694283,6.362093774676323,1.2175596952438354,1.4122278690338135,0.7192168235778809,0.5793922543525696,0.17509692907333374,0.17806187272071838,2.1724095344543457,1
28,Guatemala,6.453999996185303,6.566873972713947,6.341126019656659,0.8720019459724426,1.2555851936340332,0.5402399897575378,0.5313106179237366,0.283488392829895,0.0772232785820961,2.8938910961151123,1
29,Panama,6.452000141143799,6.557130716145038,6.346869566142559,1.233748435974121,1.373192548751831,0.7061561346054077,0.5500268340110779,0.21055693924427032,0.07098392397165298,2.3071999549865723,1
30,France,6.441999912261963,6.515767802447081,6.368232022076845,1.4309234619140625,1.3877768516540527,0.8444658517837524,0.4702221155166626,0.12976230680942535,0.17250242829322815,2.0059547424316406,1
31,Thailand,6.423999786376953,6.509116855710745,6.338882717043162,1.1278687715530396,1.4257924556732178,0.6472390294075012,0.580200731754303,0.572123110294342,0.031612735241651535,2.03950834274292,1
32,Taiwan Province of China,6.421999931335449,6.494596021920443,6.349403840750456,1.4336265325546265,1.3845653533935547,0.7939842343330383,0.36146658658981323,0.25836047530174255,0.06382923573255539,2.1266074180603027,1
33,Spain,6.4029998779296875,6.471054845303297,6.334944910556078,1.3843978643417358,1.5320909023284912,0.888960599899292,0.4087812304496765,0.19013357162475586,0.07091409713029861,1.927757740020752,1
34,Qatar,6.375,6.568476814329625,6.181523185670375,1.8707656860351562,1.2742968797683716,0.7100980877876282,0.6041309833526611,0.3304738700389862,0.43929925560951233,1.1454644203186035,1
35,Colombia,6.35699987411499,6.452020054161548,6.261979694068432,1.0706223249435425,1.402182936668396,0.5950279235839844,0.4774874150753021,0.14901447296142578,0.04666874185204506,2.616068124771118,1
36,Saudi Arabia,6.343999862670898,6.4441666120290755,6.243833113312721,1.5306235551834106,1.286677598953247,0.5901483297348022,0.4497505724430084,0.14761601388454437,0.27343225479125977,2.0654296875,1
37,Trinidad and Tobago,6.168000221252441,6.381533890664578,5.954466551840305,1.3613559007644653,1.3802285194396973,0.5199832916259766,0.5186307430267334,0.32529646158218384,0.008964816108345985,2.0532474517822266,1
38,Kuwait,6.105000019073486,6.191956988871097,6.018043049275875,1.6329524517059326,1.259698748588562,0.6321057081222534,0.4963375926017761,0.22828979790210724,0.2151595503091812,1.640425205230713,1
39,Slovakia,6.0980000495910645,6.177348412126303,6.018651687055826,1.325393557548523,1.5050592422485352,0.7127329111099243,0.29581746459007263,0.13654448091983795,0.0242108516395092,2.0977766513824463,1
40,Bahrain,6.086999893188477,6.178989067822695,5.9950107185542585,1.4884122610092163,1.3231104612350464,0.6531330347061157,0.5367469191551208,0.1726684868335724,0.25704216957092285,1.6561493873596191,1
41,Malaysia,6.084000110626221,6.179979636520147,5.988020584732294,1.291215419769287,1.2846460342407227,0.6187844276428223,0.4022649824619293,0.41660892963409424,0.06560070812702179,2.004448890686035,1
42,Nicaragua,6.071000099182129,6.186583600342273,5.955416598021984,0.7372992038726807,1.2872157096862793,0.6530959606170654,0.4475518465042114,0.3016742169857025,0.13068798184394836,2.513930559158325,1
43,Ecuador,6.007999897003174,6.105847675353289,5.910152118653059,1.0008203983306885,1.2861688137054443,0.6856362223625183,0.4551981985569,0.15011246502399445,0.14013464748859406,2.2903525829315186,1
44,El Salvador,6.002999782562256,6.108635122328996,5.897364442795515,0.9097844958305359,1.1821250915527344,0.5960185527801514,0.432452529668808,0.0782579854130745,0.08998095989227295,2.7145938873291016,1
45,Poland,5.9730000495910645,6.053908341228962,5.892091757953167,1.29178786277771,1.4457119703292847,0.6994753479957581,0.5203421115875244,0.15846596658229828,0.05930780619382858,1.7977228164672852,1
46,Uzbekistan,5.9710001945495605,6.065537572950125,5.8764628161489965,0.7864410877227783,1.5489691495895386,0.4982726275920868,0.6582486629486084,0.415983647108078,0.24652822315692902,1.8169136047363281,1
47,Italy,5.964000225067139,6.0427369059622285,5.885263544172049,1.3950666189193726,1.4449232816696167,0.8531443476676941,0.25645071268081665,0.17278964817523956,0.0280280914157629,1.81331205368042,1
48,Russia,5.9629998207092285,6.030274907499551,5.895724733918906,1.28177809715271,1.4692823886871338,0.5473493337631226,0.3737831115722656,0.05226382240653038,0.03296288102865219,2.2056074142456055,1
49,Belize,5.955999851226807,6.197242317795753,5.71475738465786,0.9079753160476685,1.0814177989959717,0.45019176602363586,0.5475093722343445,0.2400156408548355,0.09658107161521912,2.631955623626709,1
50,Japan,5.920000076293945,5.990719444602728,5.849280707985162,1.4169151782989502,1.4363378286361694,0.9134758710861206,0.5056255459785461,0.1205727681517601,0.1637607365846634,1.3632235527038574,1
51,Lithuania,5.9019999504089355,5.982669641375542,5.8213302594423295,1.314582347869873,1.4735161066055298,0.6289499402046204,0.23423178493976593,0.010164656676352024,0.011865642853081226,2.228440523147583,1
52,Algeria,5.872000217437744,5.978286433666945,5.7657140012085435,1.0918644666671753,1.1462174654006958,0.6175846457481384,0.23333580791950226,0.06943664699792862,0.1460961103439331,2.567603826522827,1
53,Latvia,5.849999904632568,5.920263538211584,5.779736271053553,1.2607486248016357,1.4047149419784546,0.6385669708251953,0.32570791244506836,0.15307478606700897,0.07384272664785385,1.9936552047729492,1
54,South Korea,5.8379998207092285,5.922559028267861,5.753440613150596,1.401678442955017,1.1282744407653809,0.9002140760421753,0.25792166590690613,0.20667436718940735,0.06328266859054565,1.880378007888794,1
55,Moldova,5.8379998207092285,5.9083708384633065,5.767628802955151,0.7288706302642822,1.2518255710601807,0.5894652009010315,0.24072904884815216,0.20877912640571594,0.010091286152601242,2.8078083992004395,1
56,Romania,5.824999809265137,5.91969415679574,5.730305461734534,1.2176839113235474,1.150091290473938,0.6851583123207092,0.45700374245643616,0.13351991772651672,0.004387900698930025,2.1768314838409424,1
57,Bolivia,5.822999954223633,5.903976902514696,5.74202300593257,0.8337565660476685,1.2276190519332886,0.47363024950027466,0.5587329268455505,0.22556072473526,0.06047772616147995,2.4432790279388428,1
58,Turkmenistan,5.822000026702881,5.8851808755099775,5.758819177895784,1.1307767629623413,1.4931491613388062,0.43772608041763306,0.41827192902565,0.24992498755455017,0.2592703402042389,1.8329098224639893,1
59,Kazakhstan,5.818999767303467,5.903641774654388,5.7343577599525455,1.284556269645691,1.3843690156936646,0.6060415506362915,0.4374542832374573,0.20196442306041718,0.11928288638591766,1.7848925590515137,1
60,North Cyprus,5.809999942779541,5.897366464883089,5.722633420675993,1.3469113111495972,1.1863033771514893,0.8346472382545471,0.47120362520217896,0.266845703125,0.1553533524274826,1.5491576194763184,1
61,Slovenia,5.757999897003174,5.842225160002709,5.673774634003639,1.3412059545516968,1.4525188207626343,0.7908282279968262,0.5725758075714111,0.24264909327030182,0.04512897878885269,1.3133172988891602,1
62,Peru,5.715000152587891,5.8119467785954475,5.618053526580334,1.03522527217865,1.2187703847885132,0.6301661133766174,0.45000287890434265,0.12681971490383148,0.047049086540937424,2.2072694301605225,1
63,Mauritius,5.629000186920166,5.7298621916770935,5.5281381821632385,1.189395546913147,1.2095609903335571,0.6380074620246887,0.4912473261356354,0.36093375086784363,0.042181555181741714,1.6975839138031006,1
64,Cyprus,5.620999813079834,5.714692699313164,5.527306926846504,1.3559380769729614,1.1313632726669312,0.8447147011756897,0.3551115393638611,0.271254301071167,0.041237976402044296,1.6212491989135742,1
65,Estonia,5.611000061035156,5.688139874190092,5.53386024788022,1.320879340171814,1.4766710996627808,0.6951683163642883,0.47913143038749695,0.09889081120491028,0.18324892222881317,1.357508659362793,1
66,Belarus,5.568999767303467,5.646114244014025,5.491885290592909,1.156557559967041,1.444945216178894,0.6377142667770386,0.2954002618789673,0.15513750910758972,0.15631382167339325,1.7232329845428467,1
67,Libya,5.525000095367432,5.676953806877136,5.373046383857727,1.1018030643463135,1.3575643301010132,0.5201690196990967,0.46573323011398315,0.1520736664533615,0.09261021018028259,1.8350112438201904,1
68,Turkey,5.5,5.594864963293076,5.405135036706924,1.1982743740081787,1.337753176689148,0.637605607509613,0.3007405996322632,0.046693041920661926,0.09967157989740372,1.8792779445648193,1
69,Paraguay,5.493000030517578,5.57738126963377,5.408618791401386,0.932537317276001,1.5072848796844482,0.579250693321228,0.4735077917575836,0.2241506576538086,0.091065913438797,1.685333490371704,1
70,"Hong Kong S.A.R., China",5.4720001220703125,5.549594173133373,5.394406071007252,1.5516748428344727,1.2627909183502197,0.943062424659729,0.49096864461898804,0.37446579337120056,0.2939337491989136,0.5546331405639648,1
71,Philippines,5.429999828338623,5.5453350542485715,5.3146646024286746,0.8576992154121399,1.2539175748825073,0.4680090546607971,0.5852146744728088,0.193513423204422,0.09933189302682877,1.972604751586914,1
72,Serbia,5.394999980926514,5.4915696561336516,5.298430305719376,1.0693175792694092,1.2581897974014282,0.6507846713066101,0.2087155282497406,0.22012588381767273,0.04090378060936928,1.9470844268798828,1
73,Jordan,5.335999965667725,5.44841002240777,5.223589908927679,0.9910123944282532,1.2390888929367065,0.6045900583267212,0.4184211492538452,0.1721704602241516,0.11980327218770981,1.7911765575408936,1
74,Hungary,5.323999881744385,5.403039709180593,5.2449600543081765,1.2860119342803955,1.3431330919265747,0.6877634525299072,0.17586351931095123,0.07840166240930557,0.03663693740963936,1.7164592742919922,1
75,Jamaica,5.310999870300293,5.581398728489876,5.04060101211071,0.925579309463501,1.3682180643081665,0.6410223841667175,0.47430723905563354,0.23381833732128143,0.055267781019210815,1.612325668334961,1
76,Croatia,5.293000221252441,5.391777204573154,5.194223237931729,1.222556233406067,0.9679830074310303,0.7012885212898254,0.25577229261398315,0.24800297617912292,0.043103110045194626,1.854492425918579,1
77,Kosovo,5.2789998054504395,5.364847995489836,5.193151615411043,0.9514843821525574,1.1378535032272339,0.5414520502090454,0.26028794050216675,0.3199314475059509,0.0574716180562973,2.010540723800659,1
78,China,5.2729997634887695,5.319278089776635,5.226721437200904,1.0811657905578613,1.1608374118804932,0.7414155006408691,0.4727877080440521,0.028806841000914574,0.022794274613261223,1.7649385929107666,1
79,Pakistan,5.269000053405762,5.35998364135623,5.178016465455293,0.7268835306167603,0.6726906895637512,0.4020477831363678,0.23521526157855988,0.31544601917266846,0.12434806674718857,2.7924892902374268,1
80,Indonesia,5.26200008392334,5.352888598144054,5.171111569702625,0.995538592338562,1.2744446992874146,0.4923457205295563,0.4433234632015228,0.6117045879364014,0.015317135490477085,1.4294769763946533,1
81,Venezuela,5.25,5.370031945556402,5.129968054443598,1.1284312009811401,1.431337594985962,0.6171442270278931,0.15399712324142456,0.0650196298956871,0.06449112296104431,1.789463758468628,1
82,Montenegro,5.236999988555908,5.341044440567494,5.132955536544323,1.121129035949707,1.238376498222351,0.6674646735191345,0.19498905539512634,0.19791102409362793,0.08817419409751892,1.729191541671753,1
83,Morocco,5.235000133514404,5.3183409647643565,5.151659302264452,0.8781145811080933,0.7748644351959229,0.5977106690406799,0.4081583321094513,0.03220995515584946,0.08776318281888962,2.4561893939971924,1
84,Azerbaijan,5.234000205993652,5.299286535233259,5.168713876754046,1.1536017656326294,1.152400255203247,0.5407757759094238,0.3981558382511139,0.04526934027671814,0.18098750710487366,1.762481689453125,1
85,Dominican Republic,5.230000019073486,5.349060885161162,5.110939152985811,1.079373836517334,1.402416706085205,0.5748737454414368,0.5525898337364197,0.1869678497314453,0.11394525319337845,1.319465160369873,1
86,Greece,5.2270002365112305,5.325246169418096,5.128754303604365,1.2894874811172485,1.2394145727157593,0.8101989030838013,0.09573125094175339,0.0,0.043289776891469955,1.7492215633392334,1
87,Lebanon,5.224999904632568,5.318882288485765,5.131117520779371,1.074987530708313,1.1296242475509644,0.7350810766220093,0.28851598501205444,0.2644507586956024,0.03751382976770401,1.6950738430023193,1
88,Portugal,5.195000171661377,5.285041733086109,5.104958610236645,1.3151752948760986,1.3670430183410645,0.7958435416221619,0.49846529960632324,0.0951027125120163,0.01586945168673992,1.107682704925537,1
89,Bosnia and Herzegovina,5.182000160217285,5.276335686743259,5.087664633691311,0.9824094176292419,1.0693359375,0.7051863074302673,0.20440317690372467,0.32886749505996704,0.0,1.8921725749969482,1
90,Honduras,5.181000232696533,5.301582796871662,5.060417668521405,0.7305731177330017,1.1439449787139893,0.5825694799423218,0.3480798602104187,0.2361888736486435,0.07334545254707336,2.0658111572265625,1
91,Macedonia,5.175000190734863,5.272172639667988,5.077827741801738,1.0645779371261597,1.2078930139541626,0.6449481844902039,0.325905978679657,0.25376096367836,0.0602777935564518,1.617469310760498,1
92,Somalia,5.151000022888184,5.242483709901571,5.059516335874796,0.022643184289336205,0.7211513519287109,0.11398913711309433,0.602126955986023,0.2916313111782074,0.28241032361984253,3.1174845695495605,1
93,Vietnam,5.073999881744385,5.147280764579773,5.000718998908996,0.7885475754737854,1.2774913311004639,0.6521689891815186,0.5710555911064148,0.23496805131435394,0.08763323724269867,1.4623186588287354,1
94,Nigeria,5.073999881744385,5.209500135481358,4.938499628007412,0.7837562561035156,1.2157704830169678,0.056915730237960815,0.39495256543159485,0.23094719648361206,0.02612156607210636,2.3653905391693115,1
95,Tajikistan,5.040999889373779,5.111425595879555,4.9705741828680035,0.5247136354446411,1.2714632749557495,0.5292351245880127,0.47156670689582825,0.24899764358997345,0.14637714624404907,1.8490493297576904,1
96,Bhutan,5.011000156402588,5.079334562122821,4.942665750682354,0.8854163885116577,1.3401265144348145,0.49587929248809814,0.5015376806259155,0.4740545451641083,0.17338038980960846,1.1401844024658203,1
97,Kyrgyzstan,5.004000186920166,5.089919903129339,4.918080470710993,0.596220076084137,1.3942385911941528,0.5534577965736389,0.45494338870048523,0.4285803735256195,0.03943917900323868,1.5367231369018555,1
98,Nepal,4.961999893188477,5.067356079369784,4.856643707007169,0.479820191860199,1.1792832612991333,0.5041307806968689,0.4403059482574463,0.39409616589546204,0.07297554612159729,1.8912410736083984,1
99,Mongolia,4.954999923706055,5.021679509133101,4.888320338279009,1.0272358655929565,1.493011236190796,0.5577834844589233,0.3941439688205719,0.33846423029899597,0.03290228918194771,1.1112923622131348,1
100,South Africa,4.828999996185303,4.929435187727213,4.728564804643392,1.0546987056732178,1.3847886323928833,0.18708007037639618,0.47924673557281494,0.1393623799085617,0.07250949740409851,1.510908603668213,1
101,Tunisia,4.804999828338623,4.884367007017135,4.725632649660111,1.0072658061981201,0.8683514595031738,0.6132120490074158,0.28968068957328796,0.049693357199430466,0.08672314882278442,1.8902511596679688,1
102,Palestinian Territories,4.775000095367432,4.881848342567682,4.668151848167181,0.7162492275238037,1.1556471586227417,0.5656669735908508,0.2547110617160797,0.11417317390441895,0.08928260207176208,1.8788902759552002,1
103,Egypt,4.735000133514404,4.825133789628744,4.644866477400065,0.9897018074989319,0.9974713921546936,0.520187258720398,0.28211015462875366,0.12863144278526306,0.11438136547803879,1.7021610736846924,1
104,Bulgaria,4.714000225067139,4.80369470641017,4.624305743724108,1.1614590883255005,1.4343794584274292,0.7082176804542542,0.28923171758651733,0.11317769438028336,0.011051530949771404,0.9961392879486084,1
105,Sierra Leone,4.709000110626221,4.850643334984779,4.567356886267662,0.36842092871665955,0.9841360449790955,0.005564753897488117,0.3186976909637451,0.2930409014225006,0.07109517604112625,2.668459892272949,1
106,Cameroon,4.695000171661377,4.796540857255459,4.593459486067295,0.5643053650856018,0.9460182189941406,0.13289211690425873,0.43038874864578247,0.23629845678806305,0.05130663141608238,2.3336455821990967,1
107,Iran,4.691999912261963,4.798224707692862,4.585775116831064,1.156873106956482,0.7115512490272522,0.639333188533783,0.24932260811328888,0.3872429132461548,0.048761073499917984,1.498734951019287,1
108,Albania,4.644000053405762,4.752464006394148,4.535536100417375,0.9961927533149719,0.8036852478981018,0.7311597466468811,0.38149863481521606,0.20131294429302216,0.03986421599984169,1.4904415607452393,1
109,Bangladesh,4.607999801635742,4.689821658283472,4.526177944988012,0.5866829752922058,0.7351317405700684,0.5332410335540771,0.47835665941238403,0.17225535213947296,0.12371785938739777,1.978736162185669,1
110,Namibia,4.573999881744385,4.770354740917683,4.377645022571087,0.9644343256950378,1.0984708070755005,0.33861181139945984,0.5203035473823547,0.07713374495506287,0.09314697235822678,1.4818902015686035,1
111,Kenya,4.552999973297119,4.655691590607166,4.450308355987072,0.560479462146759,1.06795072555542,0.3099883496761322,0.45276376605033875,0.4448603093624115,0.0646413192152977,1.651902198791504,1
112,Mozambique,4.550000190734863,4.774102326333523,4.325898055136204,0.23430564999580383,0.870701014995575,0.10665443539619446,0.4807910919189453,0.3222281038761139,0.17943638563156128,2.3556509017944336,1
113,Myanmar,4.545000076293945,4.614739946424961,4.47526020616293,0.36711055040359497,1.1232359409332275,0.39752256870269775,0.5144920349121094,0.8380751609802246,0.18881620466709137,1.1152904033660889,1
114,Senegal,4.534999847412109,4.601603781282901,4.468395913541317,0.4793090224266052,1.1796919107437134,0.4093628525733948,0.37792226672172546,0.18346889317035675,0.11546044796705246,1.7896461486816406,1
115,Zambia,4.513999938964844,4.64410550147295,4.3838943764567375,0.6364067792892456,1.0031872987747192,0.25783589482307434,0.4616034924983978,0.24958014488220215,0.07821355015039444,1.8267054557800293,1
116,Iraq,4.497000217437744,4.622591409683228,4.371409025192261,1.102710485458374,0.9786131978034973,0.5011804699897766,0.2885555326938629,0.1996372640132904,0.1072157546877861,1.3189072608947754,1
117,Gabon,4.465000152587891,4.557361765652895,4.372638539522886,1.1982102394104004,1.1556202173233032,0.3565785884857178,0.312328577041626,0.04378537833690643,0.07604678720235825,1.3229162693023682,1
118,Ethiopia,4.460000038146973,4.542728676646948,4.377271399646998,0.3392338454723358,0.8646692037582397,0.35340970754623413,0.4088427424430847,0.31265074014663696,0.16545571386814117,2.0157437324523926,1
119,Sri Lanka,4.440000057220459,4.553447192311287,4.326552922129631,1.0098501443862915,1.2599763870239258,0.625130832195282,0.5612132549285889,0.490863561630249,0.07365396618843079,0.4193892478942871,1
120,Armenia,4.375999927520752,4.466734612286091,4.285265242755413,0.9005967378616333,1.007483720779419,0.637524425983429,0.19830326735973358,0.0834880918264389,0.0266744215041399,1.5214991569519043,1
121,India,4.315000057220459,4.371522017493844,4.258478096947074,0.7922212481498718,0.7543725967407227,0.4554276168346405,0.46998700499534607,0.23153848946094513,0.09222688525915146,1.5191171169281006,1
122,Mauritania,4.291999816894531,4.377163616269827,4.206836017519236,0.6484572887420654,1.2720308303833008,0.2853492796421051,0.09609804302453995,0.20187002420425415,0.13695700466632843,1.651637315750122,1
123,Congo (Brazzaville),4.290999889373779,4.410053505003452,4.171946273744107,0.8089642524719238,0.8320443630218506,0.2899574339389801,0.4350258708000183,0.12085212767124176,0.07961813360452652,1.7241356372833252,1
124,Georgia,4.285999774932861,4.374933965802192,4.19706558406353,0.9506126642227173,0.5706149339675903,0.6495469808578491,0.309410035610199,0.05400881543755531,0.2516666352748871,1.5001378059387207,1
125,Congo (Kinshasa),4.28000020980835,4.357810832709074,4.202189586907625,0.09210234880447388,1.2290234565734863,0.19140702486038208,0.23596134781837463,0.2464558333158493,0.06024135649204254,2.224958658218384,1
126,Mali,4.190000057220459,4.269670711010694,4.110329403430224,0.4761804938316345,1.2814733982086182,0.16936567425727844,0.3066137433052063,0.1833541989326477,0.10497024655342102,1.6681909561157227,1
127,Ivory Coast,4.179999828338623,4.275182563215494,4.084817093461752,0.6030489206314087,0.9047800302505493,0.04864216968417168,0.4477061927318573,0.20123746991157532,0.1300617754459381,1.8449642658233643,1
128,Cambodia,4.168000221252441,4.278517813533544,4.057482628971338,0.6017650961875916,1.006238341331482,0.4297834038734436,0.6333758234977722,0.38592296838760376,0.06810595095157623,1.0429410934448242,1
129,Sudan,4.138999938964844,4.3457471650838855,3.9322527128458025,0.6595166921615601,1.2140085697174072,0.29092082381248474,0.014995855279266834,0.18231745064258575,0.08984751999378204,1.687065839767456,1
130,Ghana,4.119999885559082,4.222707208544016,4.0172925625741485,0.6672248244285583,0.8736647367477417,0.29563772678375244,0.42302629351615906,0.25692394375801086,0.0253363698720932,1.5778675079345703,1
131,Ukraine,4.0960001945495605,4.185410104542971,4.00659028455615,0.8946519494056702,1.3945375680923462,0.5759039521217346,0.12297477573156357,0.2700614631175995,0.023029470816254616,0.8143823146820068,1
132,Uganda,4.080999851226807,4.195799967050553,3.9661997354030607,0.3814307153224945,1.1298277378082275,0.21763260662555695,0.443185955286026,0.32576605677604675,0.05706971883773804,1.526362657546997,1
133,Burkina Faso,4.0320000648498535,4.124059064388275,3.939941065311432,0.3502277135848999,1.043280005455017,0.2158442586660385,0.32436785101890564,0.2508646845817566,0.12032810598611832,1.727212905883789,1
134,Niger,4.0279998779296875,4.111946819722652,3.9440529361367225,0.1619253307580948,0.993025004863739,0.2685050070285797,0.36365869641304016,0.22867384552955627,0.13857294619083405,1.873983383178711,1
135,Malawi,3.9700000286102295,4.077478817403317,3.8625212398171427,0.2334420382976532,0.5125688314437866,0.3150895833969116,0.46691465377807617,0.2871704697608948,0.07271165400743484,2.0817861557006836,1
136,Chad,3.936000108718872,4.0347115239501,3.8372886934876442,0.4380129873752594,0.9538558721542358,0.04113471508026123,0.16234202682971954,0.2161138504743576,0.053581882268190384,2.0712380409240723,1
137,Zimbabwe,3.875,3.9786996427178383,3.7713003572821617,0.3758465349674225,1.083095908164978,0.1967637538909912,0.33638420701026917,0.18914349377155304,0.09537538141012192,1.5979702472686768,1
138,Lesotho,3.808000087738037,4.044343975484371,3.571656199991703,0.5210212469100952,1.1900951862335205,0.0,0.3906612992286682,0.15749727189540863,0.11909464001655579,1.429835319519043,1
139,Angola,3.7950000762939453,3.9516419354081154,3.6383582171797753,0.8584281802177429,1.1044119596481323,0.049868665635585785,0.0,0.09792649000883102,0.06972033530473709,1.6144824028015137,1
140,Afghanistan,3.7939999103546143,3.8736614152789115,3.714338405430317,0.40147721767425537,0.5815433263778687,0.18074677884578705,0.10617952048778534,0.3118709325790405,0.06115783005952835,2.150801181793213,1
141,Botswana,3.7660000324249268,3.8741226662695407,3.657877398580313,1.1220941543579102,1.2215549945831299,0.3417555093765259,0.5051963329315186,0.09934844821691513,0.09858319908380508,0.3779137134552002,1
142,Benin,3.6570000648498535,3.7457835513353346,3.5682165783643724,0.43108540773391724,0.4352998435497284,0.2099302113056183,0.42596277594566345,0.2079484611749649,0.06092901527881622,1.8856309652328491,1
143,Madagascar,3.6440000534057617,3.7143191058933733,3.57368100091815,0.3058086931705475,0.9130203723907471,0.375223308801651,0.18919676542282104,0.20873253047466278,0.06723197549581528,1.5846126079559326,1
144,Haiti,3.6029999256134033,3.734714797735214,3.4712850534915924,0.3686102628707886,0.6404498219490051,0.27732113003730774,0.03036985732614994,0.4892037808895111,0.0998721495270729,1.6971676349639893,1
145,Yemen,3.5929999351501465,3.692750319838524,3.493249550461769,0.5916834473609924,0.9353822469711304,0.3100809156894684,0.24946372210979462,0.10412520915269852,0.05676742270588875,1.3456006050109863,1
146,South Sudan,3.5910000801086426,3.725538585782051,3.456461574435234,0.39724862575531006,0.601323127746582,0.16348600387573242,0.14706243574619293,0.28567081689834595,0.11679351329803467,1.8795673847198486,1
147,Liberia,3.5329999923706055,3.653756260871887,3.4122437238693237,0.1190417930483818,0.8721179366111755,0.2299181967973709,0.3328811824321747,0.26654988527297974,0.03894824907183647,1.673285961151123,1
148,Guinea,3.506999969482422,3.5844281288981437,3.4295718100667,0.2445499300956726,0.7912446856498718,0.19412913918495178,0.3485875129699707,0.264815092086792,0.11093761771917343,1.552311897277832,1
149,Togo,3.494999885559082,3.5940381117165088,3.3959616594016553,0.30544471740722656,0.4318825304508209,0.24710556864738464,0.3804261386394501,0.19689615070819855,0.09566501528024673,1.8372292518615723,1
150,Rwanda,3.4709999561309814,3.5430302335321904,3.3989696787297725,0.368745893239975,0.9457070231437683,0.32642480731010437,0.5818438529968262,0.2527560293674469,0.4552200138568878,0.5400612354278564,1
151,Syria,3.4619998931884766,3.663668556809425,3.260331229567528,0.7771531343460083,0.3961026072502136,0.5005333423614502,0.08153944462537766,0.4936637282371521,0.15134713053703308,1.0615735054016113,1
152,Tanzania,3.3489999771118164,3.46142975538969,3.2365701988339426,0.5111358761787415,1.041989803314209,0.3645092844963074,0.3900177776813507,0.35425636172294617,0.06603510677814484,0.6211304664611816,1
153,Burundi,2.9049999713897705,3.0746903330087663,2.7353096097707748,0.09162256866693497,0.6297935843467712,0.15161079168319702,0.05990075320005417,0.20443518459796906,0.08414794504642487,1.6830241680145264,1
154,Central African Republic,2.693000078201294,2.8648842692375185,2.5211158871650694,0.0,0.0,0.018772685900330544,0.270842045545578,0.280876487493515,0.05656507611274719,2.066004753112793,1
